"category_id","category","avg_pledged"
"2","music","42743.41142857143"
"6","publishing","47012.34328358209"
"8","photography","29141.214285714286"
"9","journalism","9044"
"4","theater","45823.33430232558"
"3","technology","39934.635416666664"
"5","film & video","42191.43820224719"
"7","games","41996.1875"
"1","food","37721.282608695656"
